gtfs_id,vehicle_no,short_name
bhubaneshwar_bus,OD33U9306,O9306
bhubaneshwar_bus,OD33U9305,O9305
bhubaneshwar_bus,OD33U9307,O9307
bhubaneshwar_bus,OD33U9308,O9308
bhubaneshwar_bus,OD33U9309,O9309
bhubaneshwar_bus,OD33U9310,O9310
bhubaneshwar_bus,OD33U9311,O9311
bhubaneshwar_bus,OD33U9312,O9312
bhubaneshwar_bus,OD33U9313,O9313
bhubaneshwar_bus,OD33U9314,O9314
bhubaneshwar_bus,OD33U9315,O9315
bhubaneshwar_bus,OD33U9316,O9316
bhubaneshwar_bus,OD33U9317,O9317
bhubaneshwar_bus,OD33U9318,O9318
bhubaneshwar_bus,OD33U9319,O9319
bhubaneshwar_bus,OD33U9320,O9320
bhubaneshwar_bus,OD33U9321,O9321
bhubaneshwar_bus,OD33U9322,O9322
bhubaneshwar_bus,OD33U9323,O9323
bhubaneshwar_bus,OD33U9324,O9324
bhubaneshwar_bus,OD33U9325,O9325
bhubaneshwar_bus,OD33U9326,O9326
bhubaneshwar_bus,OD33U9327,O9327
bhubaneshwar_bus,OD33V2401,O2401
bhubaneshwar_bus,OD33V2402,O2402
bhubaneshwar_bus,OD33V2403,O2403
bhubaneshwar_bus,OD33V2404,O2404
bhubaneshwar_bus,OD33V2405,O2405
bhubaneshwar_bus,OD33V2406,O2406
bhubaneshwar_bus,OD33V2407,O2407
bhubaneshwar_bus,OD33V2408,O2408
bhubaneshwar_bus,OD33V2409,O2409
bhubaneshwar_bus,OD33V2410,O2410
bhubaneshwar_bus,OD33V2411,O2411
bhubaneshwar_bus,OD33V2412,O2412
bhubaneshwar_bus,OD33V2413,O2413
bhubaneshwar_bus,OD33V2414,O2414
bhubaneshwar_bus,OD33V2415,O2415
bhubaneshwar_bus,OD33V2416,O2416
bhubaneshwar_bus,OD33V2417,O2417
bhubaneshwar_bus,OD33V3512,O3512
bhubaneshwar_bus,OD33V3601,O3601
bhubaneshwar_bus,OD33V4561,O4561
bhubaneshwar_bus,OD33V4562,O4562
bhubaneshwar_bus,OD33V4570,O4570
bhubaneshwar_bus,OD33V5429,O5429
bhubaneshwar_bus,OD33V5433,O5433
bhubaneshwar_bus,OD33V5436,O5436
bhubaneshwar_bus,OD33V5439,O5439
bhubaneshwar_bus,OD33V5433,D5433
bhubaneshwar_bus,OD33V5442,O5442
bhubaneshwar_bus,OD33V5441,O5441
bhubaneshwar_bus,OD33V5440,O5440
bhubaneshwar_bus,OD33V5438,O5438
bhubaneshwar_bus,OD33V5437,O5437
bhubaneshwar_bus,OD33V5435,O5435
bhubaneshwar_bus,OD33V5434,O5434
bhubaneshwar_bus,OD33V5432,O5432
bhubaneshwar_bus,OD33V5431,O5431
bhubaneshwar_bus,OD33V5430,O5430
bhubaneshwar_bus,OD33V5428,O5428
bhubaneshwar_bus,OD33V4577,O4577
bhubaneshwar_bus,OD33V4576,O4576
bhubaneshwar_bus,OD33V4575,O4575
bhubaneshwar_bus,OD33V4574,O4574
bhubaneshwar_bus,OD33V4573,O4573
bhubaneshwar_bus,OD33V4572,O4572
bhubaneshwar_bus,OD33V4571,O4571
bhubaneshwar_bus,OD33V4569,O4569
bhubaneshwar_bus,OD33V4568,O4568
bhubaneshwar_bus,OD33V4567,O4567
bhubaneshwar_bus,OD33V4566,O4566
bhubaneshwar_bus,OD33V4565,O4565
bhubaneshwar_bus,OD33V4564,O4564
bhubaneshwar_bus,OD33V4563,O4563
bhubaneshwar_bus,OD33V3513,O3513
bhubaneshwar_bus,OD33V3511,O3511
bhubaneshwar_bus,OD33V3510,O3510
bhubaneshwar_bus,OD33V3509,O3509
bhubaneshwar_bus,OD33V3508,O3508
bhubaneshwar_bus,OD33V3507,O3507
bhubaneshwar_bus,OD33V3506,O3506
bhubaneshwar_bus,OD33V3505,O3505
bhubaneshwar_bus,OD33V3504,O3504
bhubaneshwar_bus,OD33V3503,O3503
bhubaneshwar_bus,OD33V3502,O3502
bhubaneshwar_bus,OD33V2901,O2901
bhubaneshwar_bus,OD33V2900,O2900
bhubaneshwar_bus,OD33V2899,O2899
bhubaneshwar_bus,OD33V2898,O2898
bhubaneshwar_bus,OD33V2897,O2897
bhubaneshwar_bus,OD33V2896,O2896
bhubaneshwar_bus,OD33V2895,O2895
bhubaneshwar_bus,OD33V2894,O2894
bhubaneshwar_bus,OD33V2893,O2893
bhubaneshwar_bus,OD33V2420,O2420
bhubaneshwar_bus,OD33V2419,O2419
bhubaneshwar_bus,OD33V2418,O2418
bhubaneshwar_bus,OD33U9331,O9331
bhubaneshwar_bus,OD33U9330,O9330
bhubaneshwar_bus,OD33U6517,O6517
bhubaneshwar_bus,OD33U6518,O6518
bhubaneshwar_bus,OD33U6519,O6519
bhubaneshwar_bus,OD33U6520,O6520
bhubaneshwar_bus,OD33U6521,O6521
bhubaneshwar_bus,OD33U6522,O6522
bhubaneshwar_bus,OD33U6523,O6523
bhubaneshwar_bus,OD33U6524,O6524
bhubaneshwar_bus,OD33U6525,O6525
bhubaneshwar_bus,OD33U6526,O6526
bhubaneshwar_bus,OD33U6527,O6527
bhubaneshwar_bus,OD33U6528,O6528
bhubaneshwar_bus,OD33U6529,O6529
bhubaneshwar_bus,OD33U6530,O6530
bhubaneshwar_bus,OD33U6531,O6531
bhubaneshwar_bus,OD33U6532,O6532
bhubaneshwar_bus,OD33U6533,O6533
bhubaneshwar_bus,OD33U6534,O6534
bhubaneshwar_bus,OD33U6535,O6535
bhubaneshwar_bus,OD33U6536,O6536
bhubaneshwar_bus,OD33U6537,O6537
bhubaneshwar_bus,OD33U6538,O6538
bhubaneshwar_bus,OD33U6539,O6539
bhubaneshwar_bus,OD33U6540,O6540
bhubaneshwar_bus,OD33U6541,O6541
bhubaneshwar_bus,OD33U6542,O6542
bhubaneshwar_bus,OD33U6543,O6543
bhubaneshwar_bus,OD33U6544,O6544
bhubaneshwar_bus,OD33U6545,O6545
bhubaneshwar_bus,OD33U7101,O7101
bhubaneshwar_bus,OD33U7102,O7102
bhubaneshwar_bus,OD33U7103,O7103
bhubaneshwar_bus,OD33U7104,O7104
bhubaneshwar_bus,OD33U7105,O7105
bhubaneshwar_bus,OD33U7106,O7106
bhubaneshwar_bus,OD33U7107,O7107
bhubaneshwar_bus,OD33U7108,O7108
bhubaneshwar_bus,OD33U7109,O7109
bhubaneshwar_bus,OD33U7110,O7110
bhubaneshwar_bus,OD33U7111,O7111
bhubaneshwar_bus,OD33U7112,O7112
bhubaneshwar_bus,OD33U7113,O7113
bhubaneshwar_bus,OD33U7114,O7114
bhubaneshwar_bus,OD33U7115,O7115
bhubaneshwar_bus,OD33U7116,O7116
bhubaneshwar_bus,OD33U7117,O7117
bhubaneshwar_bus,OD33U7118,O7118
bhubaneshwar_bus,OD33U7119,O7119
bhubaneshwar_bus,OD33U7120,O7120
bhubaneshwar_bus,OD33U7121,O7121
bhubaneshwar_bus,OD33U7122,O7122
bhubaneshwar_bus,OD33U7123,O7123
bhubaneshwar_bus,OD33U7124,O7124
bhubaneshwar_bus,OD33U7125,O7125
bhubaneshwar_bus,OD33U7326,O7326
bhubaneshwar_bus,OD33U7327,O7327
bhubaneshwar_bus,OD33U7328,O7328
bhubaneshwar_bus,OD33U7329,O7329
bhubaneshwar_bus,OD33U7330,O7330
bhubaneshwar_bus,OD33U7331,O7331
bhubaneshwar_bus,OD33U7332,O7332
bhubaneshwar_bus,OD33U7333,O7333
bhubaneshwar_bus,OD33U7334,O7334
bhubaneshwar_bus,OD33U7335,O7335
bhubaneshwar_bus,OD33U7336,O7336
bhubaneshwar_bus,OD33U7337,O7337
bhubaneshwar_bus,OD33U7338,O7338
bhubaneshwar_bus,OD33U7339,O7339
bhubaneshwar_bus,OD33U7340,O7340
bhubaneshwar_bus,OD33U7341,O7341
bhubaneshwar_bus,OD33U7342,O7342
bhubaneshwar_bus,OD33U7343,O7343
bhubaneshwar_bus,OD33U7344,O7344
bhubaneshwar_bus,OD33U7345,O7345
bhubaneshwar_bus,OD33U7346,O7346
bhubaneshwar_bus,OD33U7347,O7347
bhubaneshwar_bus,OD33U7348,O7348
bhubaneshwar_bus,OD33U7349,O7349
bhubaneshwar_bus,OD33U7350,O7350
bhubaneshwar_bus,OD33U7351,O7351
bhubaneshwar_bus,OD33U7352,O7352
bhubaneshwar_bus,OD33U7353,O7353
bhubaneshwar_bus,OD33U7354,O7354
bhubaneshwar_bus,OD33U7355,O7355
bhubaneshwar_bus,OD33U7356,O7356
bhubaneshwar_bus,OD33U7357,O7357
bhubaneshwar_bus,OD33U7358,O7358
bhubaneshwar_bus,OD33U7359,O7359
bhubaneshwar_bus,OD33U7360,O7360
bhubaneshwar_bus,OD33U7361,O7361
bhubaneshwar_bus,OD33U7362,O7362
bhubaneshwar_bus,OD33U7363,O7363
bhubaneshwar_bus,OD33U7364,O7364
bhubaneshwar_bus,OD33U7365,O7365
bhubaneshwar_bus,OD33U7366,O7366
bhubaneshwar_bus,OD33U7367,O7367
bhubaneshwar_bus,OD33U7368,O7368
bhubaneshwar_bus,OD33U7369,O7369
bhubaneshwar_bus,OD33U7370,O7370
bhubaneshwar_bus,OD33W1271,O1271
bhubaneshwar_bus,OD33V8101,O8101
bhubaneshwar_bus,OD33V8102,O8102
bhubaneshwar_bus,OD33V8103,O8103
bhubaneshwar_bus,OD02BJ9388,O9388
bhubaneshwar_bus,OD02BJ9389,O9389
bhubaneshwar_bus,OD02BJ9390,O9390
bhubaneshwar_bus,OD02BJ9391,O9391
bhubaneshwar_bus,OD02BJ9392,O9392
bhubaneshwar_bus,OD02BJ9394,O9394
bhubaneshwar_bus,OD02BJ9397,O9397
bhubaneshwar_bus,OD02BJ9398,O9398
bhubaneshwar_bus,OD02BJ9399,O9399
bhubaneshwar_bus,OD02BJ9401,O9401
bhubaneshwar_bus,OD02BJ9402,O9402
bhubaneshwar_bus,OD02BJ9403,O9403
bhubaneshwar_bus,OD02BJ9404,O9404
bhubaneshwar_bus,OD02BJ9405,O9405
bhubaneshwar_bus,OD02BJ9406,O9406
bhubaneshwar_bus,OD02BJ9407,O9407
bhubaneshwar_bus,OD02BJ9408,O9408
bhubaneshwar_bus,OD02BJ9409,O9409
bhubaneshwar_bus,OD02BJ9410,O9410
bhubaneshwar_bus,OD02BJ9411,O9411
bhubaneshwar_bus,OD02BJ9412,O9412
bhubaneshwar_bus,OD02BJ9413,O9413
bhubaneshwar_bus,OD02BJ9414,O9414
bhubaneshwar_bus,OD02BJ9415,O9415
bhubaneshwar_bus,OD02BJ9416,O9416
bhubaneshwar_bus,OD05W6512,O6512
bhubaneshwar_bus,OD05W6513,O6513
bhubaneshwar_bus,OD05W6514,O6514
bhubaneshwar_bus,OD05W6515,O6515
bhubaneshwar_bus,OD05W6516,O6516
bhubaneshwar_bus,OD05W6517,D6517
bhubaneshwar_bus,OD05W6518,D6518
bhubaneshwar_bus,OD05W6519,D6519
bhubaneshwar_bus,OD05W6532,D6532
bhubaneshwar_bus,OD05W6533,D6533
bhubaneshwar_bus,OD05T7033,O7033
bhubaneshwar_bus,OD05T7034,O7034
bhubaneshwar_bus,OD05T7035,O7035
bhubaneshwar_bus,OD05T7036,O7036
bhubaneshwar_bus,OD05T7037,O7037
bhubaneshwar_bus,OD05T7038,O7038
bhubaneshwar_bus,OD05T7039,O7039
bhubaneshwar_bus,OD05T7040,O7040
bhubaneshwar_bus,OD05T7041,O7041
bhubaneshwar_bus,OD05T7042,O7042
bhubaneshwar_bus,OD05T7050,O7050
bhubaneshwar_bus,OD05T7051,O7051
bhubaneshwar_bus,OD05T7052,O7052
bhubaneshwar_bus,OD05T7053,O7053
bhubaneshwar_bus,OD05T7054,O7054
bhubaneshwar_bus,OD05T7055,O7055
bhubaneshwar_bus,OD05T7056,O7056
bhubaneshwar_bus,OD05T7057,O7057
bhubaneshwar_bus,OD05T7058,O7058
bhubaneshwar_bus,OD05T7059,O7059
bhubaneshwar_bus,OD33AF0739,O0739
bhubaneshwar_bus,OD33AF0799,O0799
bhubaneshwar_bus,OD33AF1828,O1828
bhubaneshwar_bus,OD33AF1894,O1894
bhubaneshwar_bus,OD33AF1895,O1895
bhubaneshwar_bus,OD33AF4115,O4115
bhubaneshwar_bus,OD33AF4121,O4121
bhubaneshwar_bus,OD33AF4169,O4169
bhubaneshwar_bus,OD33AF4184,O4184
bhubaneshwar_bus,OD33AF4188,O4188
bhubaneshwar_bus,OD33AG9203,O9203
bhubaneshwar_bus,OD33AG9213,O9213
bhubaneshwar_bus,OD33AG9217,O9217
bhubaneshwar_bus,OD33AG9227,O9227
bhubaneshwar_bus,OD33AG9239,O9239
bhubaneshwar_bus,OD33AG9241,O9241
bhubaneshwar_bus,OD33AG9249,O9249
bhubaneshwar_bus,OD33AG9256,O9256
bhubaneshwar_bus,OD33AG9258,O9258
bhubaneshwar_bus,OD33AG9296,O9296
bhubaneshwar_bus,OD33AH0105,O0105
bhubaneshwar_bus,OD33AH0148,O0148
bhubaneshwar_bus,OD33AH0150,O0150
bhubaneshwar_bus,OD33AH0158,O0158
bhubaneshwar_bus,OD33AH0162,O0162
bhubaneshwar_bus,OD33AH0168,O0168
bhubaneshwar_bus,OD33AH0173,O0173
bhubaneshwar_bus,OD33AH0176,O0176
bhubaneshwar_bus,OD33AH0186,O0186
bhubaneshwar_bus,OD33AH0194,O0194
bhubaneshwar_bus,OD33AH0713,O0713
bhubaneshwar_bus,OD33AH0721,O0721
bhubaneshwar_bus,OD33AH0742,O0742
bhubaneshwar_bus,OD33AH0763,O0763
bhubaneshwar_bus,OD33AH0779,O0779
bhubaneshwar_bus,OD33AJ2401,D2401
bhubaneshwar_bus,OD33AJ2408,D2408
bhubaneshwar_bus,OD33AJ2438,O2438
bhubaneshwar_bus,OD33AJ2467,O2467
bhubaneshwar_bus,OD33AJ2469,O2469
bhubaneshwar_bus,OD33AJ2477,O2477
bhubaneshwar_bus,OD33AJ2480,O2480
bhubaneshwar_bus,OD33AJ2628,O2628
bhubaneshwar_bus,OD33AJ2640,O2640
bhubaneshwar_bus,OD33AJ2647,O2647
bhubaneshwar_bus,OD33AJ2671,O2671
bhubaneshwar_bus,OD33AJ2694,O2694
bhubaneshwar_bus,OD33AJ2808,O2808
bhubaneshwar_bus,OD33AJ2954,O2954
bhubaneshwar_bus,OD33AJ2974,O2974
bhubaneshwar_bus,OD14AB6501,O6501
bhubaneshwar_bus,OD14AB6519,I6519
bhubaneshwar_bus,OD14AB6536,D6536
bhubaneshwar_bus,OD14AB6541,D6541
bhubaneshwar_bus,OD14AB6545,D6545
bhubaneshwar_bus,OD14AB6551,O6551
bhubaneshwar_bus,OD14AB6558,O6558
bhubaneshwar_bus,OD14AB6580,O6580
bhubaneshwar_bus,OD14AB6584,O6584
bhubaneshwar_bus,OD14AB6587,O6587
bhubaneshwar_bus,OD14AB6594,O6594
bhubaneshwar_bus,OD14AB6596,O6596
bhubaneshwar_bus,OD14AB6599,O6599
bhubaneshwar_bus,OD14AB6615,O6615
bhubaneshwar_bus,OD14AB6635,O6635
bhubaneshwar_bus,OD14AB6636,O6636
bhubaneshwar_bus,OD14AB6647,O6647
bhubaneshwar_bus,OD14AB6652,O6652
bhubaneshwar_bus,OD14AB6654,O6654
bhubaneshwar_bus,OD14AB6665,O6665
bhubaneshwar_bus,OD14AB6676,O6676
bhubaneshwar_bus,OD14AB6677,O6677
bhubaneshwar_bus,OD14AB6682,O6682
bhubaneshwar_bus,OD14AB6683,O6683
bhubaneshwar_bus,OD14AB6697,O6697
bhubaneshwar_bus,OD14AB7299,O7299
bhubaneshwar_bus,OD14AB7239,O7239
bhubaneshwar_bus,OD14AB7110,D7110
bhubaneshwar_bus,OD14AB7178,O7178
bhubaneshwar_bus,OD14AB7146,O7146
bhubaneshwar_bus,OD14AB8620,O8620
bhubaneshwar_bus,OD14AB8692,O8692
bhubaneshwar_bus,OD14AB8673,O8673
bhubaneshwar_bus,OD14AB8602,O8602
bhubaneshwar_bus,OD14AB8607,O8607
bhubaneshwar_bus,OD14AC0051,O0051
bhubaneshwar_bus,OD14AC0031,O0031
bhubaneshwar_bus,OD14AC0029,O0029
bhubaneshwar_bus,OD14AC0083,O0083
bhubaneshwar_bus,OD14AC0025,O0025
bhubaneshwar_bus,OD14AC0048,O0048
bhubaneshwar_bus,OD14AC0032,O0032
bhubaneshwar_bus,OD14AB9958,O9958
bhubaneshwar_bus,OD14AB9967,O9967
bhubaneshwar_bus,OD14AB9916,O9916
bhubaneshwar_bus,OD14AB9923,O9923
bhubaneshwar_bus,OD14AB9940,O9940
bhubaneshwar_bus,OD14AB9962,O9962
bhubaneshwar_bus,OD14AB9945,O9945
bhubaneshwar_bus,OD14AC0389,O0389
bhubaneshwar_bus,OD14AC0346,O0346
bhubaneshwar_bus,OD14AC0327,O0327
bhubaneshwar_bus,OD14AC1209,O1209
bhubaneshwar_bus,OD14AC1360,O1360
bhubaneshwar_bus,OD14AC1219,O1219
bhubaneshwar_bus,OD14AC1258,O1258
bhubaneshwar_bus,OD14AC1304,O1304
bhubaneshwar_bus,OD14AC1359,O1359
bhubaneshwar_bus,OD14AC1358,O1358
bhubaneshwar_bus,OD14AC1372,O1372
bhubaneshwar_bus,OD14AC1336,O1336
bhubaneshwar_bus,OD14AC1920,O1920
bhubaneshwar_bus,OD14AC1930,O1930
bhubaneshwar_bus,OD14AC1937,O1937
bhubaneshwar_bus,OD14AC1963,O1963
bhubaneshwar_bus,OD14AC1970,O1970
bhubaneshwar_bus,OD14AC1984,O1984
bhubaneshwar_bus,OD14AC1986,O1986
bhubaneshwar_bus,OD14AC1996,O1996
bhubaneshwar_bus,OD14AC2415,D2415
bhubaneshwar_bus,OD14AC2466,O2466
bhubaneshwar_bus,OD14AC2427,O2427
bhubaneshwar_bus,OD14AC2428,O2428
bhubaneshwar_bus,OD14AC2433,O2433
bhubaneshwar_bus,OD14AC2431,O2431
bhubaneshwar_bus,OD14AC3024,O3024
bhubaneshwar_bus,OD14AC3044,O3044
bhubaneshwar_bus,OD14AC3100,O3100
bhubaneshwar_bus,OD14AC3022,O3022
bhubaneshwar_bus,OD14AC3090,O3090
bhubaneshwar_bus,OD14AC3062,O3062
bhubaneshwar_bus,OD14AC3071,O3071
bhubaneshwar_bus,OD14AC3460,O3460
bhubaneshwar_bus,OD14AC3392,O3392
bhubaneshwar_bus,OD14AC3346,O3346
bhubaneshwar_bus,OD14AC3482,O3482
bhubaneshwar_bus,OD14AC3452,O3452
bhubaneshwar_bus,OD14AC3489,O3489
bhubaneshwar_bus,OD14AC3481,O3481
bhubaneshwar_bus,OD14AC3356,O3356
bhubaneshwar_bus,OD14AC3416,O3416
bhubaneshwar_bus,OD14AC3483,O3483
bhubaneshwar_bus,OD14AC3469,O3469
bhubaneshwar_bus,OD14AC3465,O3465
bhubaneshwar_bus,OD14AC3328,O3328
bhubaneshwar_bus,OD14AC3361,O3361
bhubaneshwar_bus,OD14AC3336,O3336
bhubaneshwar_bus,OD14AC3373,O3373
bhubaneshwar_bus,OD14AC3309,O3309
bhubaneshwar_bus,OD14AC3381,O3381
bhubaneshwar_bus,OD14AE5811,O5811
bhubaneshwar_bus,OD14AE5926,O5926
bhubaneshwar_bus,OD14AE6232,O6232
bhubaneshwar_bus,OD14AE6254,O6254
bhubaneshwar_bus,OD14AE6268,O6268
bhubaneshwar_bus,OD14AE5911,O5911
bhubaneshwar_bus,OD14AE5957,O5957
bhubaneshwar_bus,OD14AE6280,O6280
bhubaneshwar_bus,OD14AE6327,O6327
bhubaneshwar_bus,OD14AE6337,O6337
bhubaneshwar_bus,OD14AE6356,O6356
bhubaneshwar_bus,OD14AE6358,O6358
bhubaneshwar_bus,OD14AE6373,O6373
bhubaneshwar_bus,OD14AE6394,O6394
bhubaneshwar_bus,OD14AE6453,O6453
bhubaneshwar_bus,OD14AE6465,O6465
bhubaneshwar_bus,OD14AE6479,O6479
bhubaneshwar_bus,OD14AE6490,O6490
bhubaneshwar_bus,OD14AE6723,O6723
bhubaneshwar_bus,OD14AE6838,O6838
bhubaneshwar_bus,OD14AE6863,O6863
bhubaneshwar_bus,OD14AE7157,O7157
bhubaneshwar_bus,OD14AE7036,D7036
bhubaneshwar_bus,OD14AE7029,O7029
bhubaneshwar_bus,OD14AE7634,O7634
bhubaneshwar_bus,OD33AR4627,O4627
bhubaneshwar_bus,OD05CB0086,O0086
bhubaneshwar_bus,OD33AR4616,O4616
bhubaneshwar_bus,OD05CB0084,O0084
bhubaneshwar_bus,OD33AR4638,O4638
bhubaneshwar_bus,OD05CB0189,O0189
bhubaneshwar_bus,OD33AR4608,O4608
bhubaneshwar_bus,OD05CB0034,O0034
bhubaneshwar_bus,OD33AR4682,O4682
bhubaneshwar_bus,OD05CB0116,O0116
bhubaneshwar_bus,OD33AR4687,O4687
bhubaneshwar_bus,OD05CB0156,O0156
bhubaneshwar_bus,OD33AR4685,O4685
bhubaneshwar_bus,OD05CB0135,O0135
bhubaneshwar_bus,OD33AR6187,O6187
bhubaneshwar_bus,OD05CB0185,O0185
bhubaneshwar_bus,OD33AN0653,O0653
bhubaneshwar_bus,OD05CB0107,O0107
bhubaneshwar_bus,OD33AR7192,O7192
bhubaneshwar_bus,OD05CB0163,O0163
bhubaneshwar_bus,OD33AR4660,O4660
bhubaneshwar_bus,OD05CB0197,O0197
bhubaneshwar_bus,OD33AR7166,O7166
bhubaneshwar_bus,OD05CB0232,O0232
bhubaneshwar_bus,OD33AR5797,O5797
bhubaneshwar_bus,OD05CB0046,O0046
bhubaneshwar_bus,OD33AR5779,O5779
bhubaneshwar_bus,OD05CB0067,O0067
bhubaneshwar_bus,OD33AR5704,O5704
bhubaneshwar_bus,OD05CB0041,O0041
bhubaneshwar_bus,OD33AR5714,O5714
bhubaneshwar_bus,OD05CB0145,O0145
bhubaneshwar_bus,OD33AR5749,O5749
bhubaneshwar_bus,OD05CB0165,O0165
bhubaneshwar_bus,OD33AR4076,O4076
bhubaneshwar_bus,OD05CB0176,D0176
bhubaneshwar_bus,OD33AR6126,O6126
bhubaneshwar_bus,OD05CB0208,O0208
bhubaneshwar_bus,OD33AN0627,O0627
bhubaneshwar_bus,OD05CB0238,O0238
bhubaneshwar_bus,OD33AR4015,O4015
bhubaneshwar_bus,OD05CA1315,O1315
bhubaneshwar_bus,OD33AR6159,O6159
bhubaneshwar_bus,OD05CA4169,D4169
bhubaneshwar_bus,OD33AR5819,O5819
bhubaneshwar_bus,OD05CA1311,O1311
bhubaneshwar_bus,OD33AR4029,O4029
bhubaneshwar_bus,OD05CA1364,O1364
bhubaneshwar_bus,OD33AR5773,O5773
bhubaneshwar_bus,OD05CA1353,O1353
bhubaneshwar_bus,OD33AR4082,O4082
bhubaneshwar_bus,OD05CA1369,O1369
bhubaneshwar_bus,OD33AR4022,O4022
bhubaneshwar_bus,OD05CA1314,O1314
bhubaneshwar_bus,OD33AR5718,O5718
bhubaneshwar_bus,OD05CA4196,O4196
bhubaneshwar_bus,OD33AR4081,O4081
bhubaneshwar_bus,OD05CA1327,O1327
bhubaneshwar_bus,OD33AR5771,O5771
bhubaneshwar_bus,OD05CA1307,O1307
bhubaneshwar_bus,OD33AR4070,O4070
bhubaneshwar_bus,OD05CA1395,O1395
bhubaneshwar_bus,OD33AR5748,O5748
bhubaneshwar_bus,OD05CA1344,O1344
bhubaneshwar_bus,OD33AR4061,O4061
bhubaneshwar_bus,OD05CA1285,O1285
bhubaneshwar_bus,OD33AR5743,O5743
bhubaneshwar_bus,OD05CA4131,O4131
bhubaneshwar_bus,OD33AR6189,O6189
bhubaneshwar_bus,OD05CA1347,O1347
bhubaneshwar_bus,OD33AR5705,O5705
bhubaneshwar_bus,OD05CA4119,O4119
bhubaneshwar_bus,OD33AR5794,O5794
bhubaneshwar_bus,OD05CB0246,O0246
bhubaneshwar_bus,OD33AR5767,O5767
bhubaneshwar_bus,OD05CA4116,O4116
bhubaneshwar_bus,OD33AP7852,O7852
bhubaneshwar_bus,OD05CA1362,O1362
bhubaneshwar_bus,OD33AR4692,O4692
bhubaneshwar_bus,OD05CA1340,O1340
bhubaneshwar_bus,OD33AR4085,O4085
bhubaneshwar_bus,OD05CA4198,O4198
bhubaneshwar_bus,OD33AP7847,O7847
bhubaneshwar_bus,OD05CA4185,O4185
bhubaneshwar_bus,OD33AN0654,O0654
bhubaneshwar_bus,OD05CA1321,O1321
bhubaneshwar_bus,OD33AR4028,O4028
bhubaneshwar_bus,OD05CA1350,O1350
bhubaneshwar_bus,OD33AN0622,O0622
bhubaneshwar_bus,OD05CA1219,D1219
bhubaneshwar_bus,OD33AN0660,O0660
bhubaneshwar_bus,OD05CA4152,O4152
bhubaneshwar_bus,OD33AN0688,O0688
bhubaneshwar_bus,OD05CA1399,O1399
bhubaneshwar_bus,OD33AN0612,O0612
bhubaneshwar_bus,OD05CA4104,O4104
bhubaneshwar_bus,OD33AN0609,O0609
bhubaneshwar_bus,OD05CA4146,O4146
bhubaneshwar_bus,OD33AP7875,O7875
bhubaneshwar_bus,OD05CA4151,O4151
bhubaneshwar_bus,OD33AN0644,O0644
bhubaneshwar_bus,OD05CA1331,O1331
bhubaneshwar_bus,OD33AN0667,O0667
bhubaneshwar_bus,OD05CA4129,O4129
bhubaneshwar_bus,OD33AN0659,O0659
bhubaneshwar_bus,OD05CA4114,O4114
bhubaneshwar_bus,OD33AP7805,O7805
bhubaneshwar_bus,OD05CA4158,O4158
bhubaneshwar_bus,OD33AP7865,O7865
bhubaneshwar_bus,OD05CA1398,O1398
bhubaneshwar_bus,OD33AP7812,O7812
bhubaneshwar_bus,OD05CA4155,O4155
bhubaneshwar_bus,OD33AP7815,O7815
bhubaneshwar_bus,OD05CA1241,O1241
bhubaneshwar_bus,OD33AP7813,O7813
bhubaneshwar_bus,OD05CA1371,O1371
bhubaneshwar_bus,OD33AP7860,O7860
bhubaneshwar_bus,OD05CA1341,O1341
bhubaneshwar_bus,OD33AP7862,O7862
bhubaneshwar_bus,OD05CA1351,O1351
bhubaneshwar_bus,OD33AP7884,O7884
bhubaneshwar_bus,OD05CA1277,O1277
bhubaneshwar_bus,OD33AP7866,O7866
bhubaneshwar_bus,OD05CA4180,O4180
bhubaneshwar_bus,OD33AR5734,O5734
bhubaneshwar_bus,OD05CA1345,O1345
bhubaneshwar_bus,OD33AN0603,O0603
bhubaneshwar_bus,OD05CA4101,O4101
bhubaneshwar_bus,OD33AN0676,O0676
bhubaneshwar_bus,OD05CA4157,O4157
bhubaneshwar_bus,OD33AQ7734,O7734
bhubaneshwar_bus,OD05CA1328,O1328
bhubaneshwar_bus,OD33AQ7948,O7948
bhubaneshwar_bus,OD05CA1325,O1325
bhubaneshwar_bus,OD33AQ7729,O7729
bhubaneshwar_bus,OD05CA1359,D1359
bhubaneshwar_bus,OD33AQ7728,O7728
bhubaneshwar_bus,OD05CA1367,O1367
bhubaneshwar_bus,OD33AQ7708,O7708
bhubaneshwar_bus,OD05CB0068,O0068
bhubaneshwar_bus,OD33AR1359,I1359
bhubaneshwar_bus,OD05CB0201,O0201
bhubaneshwar_bus,OD33AR1342,O1342
bhubaneshwar_bus,OD05CB0062,O0062
bhubaneshwar_bus,OD33AR1301,O1301
bhubaneshwar_bus,OD05CB0251,O0251
bhubaneshwar_bus,OD33AR1310,O1310
bhubaneshwar_bus,OD05CB0094,O0094
bhubaneshwar_bus,OD33AR1385,O1385
bhubaneshwar_bus,OD05CB0281,O0281
bhubaneshwar_bus,OD33AR1375,O1375
bhubaneshwar_bus,OD05CB0063,O0063
bhubaneshwar_bus,OD33AR1366,O1366
bhubaneshwar_bus,OD05CB0060,O0060
bhubaneshwar_bus,OD33AR1378,O1378
bhubaneshwar_bus,OD05CB0065,O0065
bhubaneshwar_bus,OD33AR1356,O1356
bhubaneshwar_bus,OD05CB0028,O0028
bhubaneshwar_bus,OD33AR1355,O1355
bhubaneshwar_bus,OD05CB0083,D0083
bhubaneshwar_bus,OD33AM1915,O1915
bhubaneshwar_bus,OD33AM1928,O1928
bhubaneshwar_bus,OD33AM1929,O1929
bhubaneshwar_bus,OD33AM1971,O1971
bhubaneshwar_bus,OD33AM1994,O1994
bhubaneshwar_bus,OD33AN0617,O0617
bhubaneshwar_bus,OD33AN0625,O0625
bhubaneshwar_bus,OD33AN0631,O0631
bhubaneshwar_bus,OD33AN0635,O0635
bhubaneshwar_bus,OD33AN0639,O0639
bhubaneshwar_bus,OD33AN0642,O0642
bhubaneshwar_bus,OD33AN0643,O0643
bhubaneshwar_bus,OD33AN0645,O0645
bhubaneshwar_bus,OD33AN0647,O0647
bhubaneshwar_bus,OD33AN0658,O0658
bhubaneshwar_bus,OD33AN0661,O0661
bhubaneshwar_bus,OD33AN0669,O0669
bhubaneshwar_bus,OD33AN0670,O0670
bhubaneshwar_bus,OD33AN0679,O0679
bhubaneshwar_bus,OD33AN0690,O0690
bhubaneshwar_bus,OD13U9481,O9481
bhubaneshwar_bus,OD13U8226,O8226
bhubaneshwar_bus,OD13U9655,O9655
bhubaneshwar_bus,OD13V2486,O2486
bhubaneshwar_bus,OD13U8063,O8063
bhubaneshwar_bus,OD13U9196,O9196
bhubaneshwar_bus,OD13U7586,O7586
bhubaneshwar_bus,OD13U7504,O7504
bhubaneshwar_bus,OD13U7782,O7782
bhubaneshwar_bus,OD13U9137,O9137
bhubaneshwar_bus,OD13U7781,O7781
bhubaneshwar_bus,OD13U8205,O8205
bhubaneshwar_bus,OD13U8284,O8284
bhubaneshwar_bus,OD13U7533,O7533
bhubaneshwar_bus,OD13U8266,O8266
bhubaneshwar_bus,OD13U8070,O8070
bhubaneshwar_bus,OD13U8202,O8202
bhubaneshwar_bus,OD13V2354,O2354
bhubaneshwar_bus,OD13U9402,D9402
bhubaneshwar_bus,OD13U9486,O9486
bhubaneshwar_bus,OD13U9419,O9419
bhubaneshwar_bus,OD13U7541,O7541
bhubaneshwar_bus,OD13U9143,O9143
bhubaneshwar_bus,OD13U8030,O8030
bhubaneshwar_bus,OD13U8287,O8287
bhubaneshwar_bus,OD13U7598,O7598
bhubaneshwar_bus,OD13U7528,O7528
bhubaneshwar_bus,OD13U7775,O7775
bhubaneshwar_bus,OD13U9650,O9650
bhubaneshwar_bus,OD13U9437,O9437
bhubaneshwar_bus,OD13U9359,O9359
bhubaneshwar_bus,OD13V2891,O2891
bhubaneshwar_bus,OD13U8280,O8280
bhubaneshwar_bus,OD13U8093,O8093
bhubaneshwar_bus,OD13U8004,O8004
bhubaneshwar_bus,OD33AR1512,O1512
bhubaneshwar_bus,OD33AR1519,O1519
bhubaneshwar_bus,OD33AR1542,O1542
bhubaneshwar_bus,OD33AR1150,O1150
bhubaneshwar_bus,OD33AR1120,O1120
bhubaneshwar_bus,OD05CA1242,O1242
bhubaneshwar_bus,OD05CA1267,O1267
bhubaneshwar_bus,OD05CA1352,O1352
bhubaneshwar_bus,OD05CA1374,O1374
bhubaneshwar_bus,OD05CA1377,O1377
bhubaneshwar_bus,OD05CA1383,O1383
bhubaneshwar_bus,OD05CA1384,O1384
bhubaneshwar_bus,OD05CA1394,O1394
bhubaneshwar_bus,OD05CB0248,O0248
bhubaneshwar_bus,OD05CA4160,O4160
bhubaneshwar_bus,OD05CB0228,O0228
bhubaneshwar_bus,OD05CB3408,O3408
bhubaneshwar_bus,OD05CB1896,O1896
bhubaneshwar_bus,OD05CB3409,O3409
bhubaneshwar_bus,OD05CB3464,O3464
bhubaneshwar_bus,OD05CB1850,O1850
bhubaneshwar_bus,OD05CB1804,O1804
bhubaneshwar_bus,OD05CB1841,O1841
bhubaneshwar_bus,OD05CB1846,O1846
bhubaneshwar_bus,OD05CB0064,O0064
bhubaneshwar_bus,OD33V5443,O5443