route_id,service_tier_type
AGitzEeu,NON_AC
APySxAVg,AC
ASppFupQ,AC
AUFMswRu,AC
AYPxYBxZ,AC
AfrIjAmq,AC
AieFYcis,NON_AC
AjYzDHPp,AC
AtjKhyZw,NON_AC
AxCPJmxw,NON_AC
BDRdtyEI,NON_AC
BRLaobKI,NON_AC
BbaRzhyp,AC
BdPRfrWf,NON_AC
BmgfTGIs,NON_AC
BrJIzpjt,AC
BvVtknFN,NON_AC
CEPYgGzx,NON_AC
CGQAeOCs,AC
CHfvvkBW,NON_AC
CNThzwjp,NON_AC
CQnSRJGs,AC
CQzIXwwb,NON_AC
CehqhBGk,AC
CsBdKvHg,AC
CvQfnhbi,NON_AC
CyXQqWpn,NON_AC
DKCycbNB,AC
DNMHCkYZ,AC
DNaUFcKZ,NON_AC
DyGuhFaI,AC
DyIdJqBN,AC
EJQfymKl,NON_AC
ELIuvjUO,NON_AC
EPiQSGpc,AC
ERWtexPa,AC
EgXcAnpU,NON_AC
EopRaHQS,NON_AC
ErAkUgtQ,NON_AC
EsFIdjwM,NON_AC
FDbbsaNy,NON_AC
FFGqQWHV,NON_AC
FHGXJetV,NON_AC
FJqcUjFl,AC
FRzOAZLo,NON_AC
FXzARFfo,AC
FdHQXesh,AC
FenRpQfx,AC
FgByMUmn,AC
FiOHbZhw,NON_AC
FiPOrPrt,AC
FlqitMCN,AC
FuZnwHGo,NON_AC
GAZXbLeo,NON_AC
GHLLmDXd,NON_AC
GLLVdJKP,AC
GMXyxWYz,AC
GcexRcWD,AC
GgYytbrU,AC
GiVmsSqg,AC
GkWAoBUD,AC
GlUhKOob,AC
GrAZirYt,AC
GvQIkdyV,AC
HBWfvGjA,AC
HGBjBURT,AC
HOQNiFlM,NON_AC
HOsAUbRi,AC
HXNygifQ,NON_AC
HdvptAEp,NON_AC
HeRDyLzE,NON_AC
HhZqXfwI,AC
HxGcJYCG,AC
ICbaLvnW,AC
IJagVXwM,AC
IRXmuoHP,AC
IRhfqnxU,AC
IYKpKuKu,AC
IhZtIaBW,NON_AC
IqKEXaXH,NON_AC
ItCPWGLB,NON_AC
IvrKgnlN,NON_AC
JCbUGiha,AC
JHLkeNPH,AC
JLekFtzo,NON_AC
JNiRjoSn,AC
JXPfeGeF,NON_AC
JaCJhqTW,NON_AC
JaCbtRuK,NON_AC
JhitXyHT,NON_AC
JjBtgkyf,AC
JmayjEYu,NON_AC
JrDdVXUS,AC
KNGconTi,AC
KdwVrsKJ,NON_AC
KePsGLCw,NON_AC
KnkzDMeT,NON_AC
KuXeIAQY,NON_AC
KzAfStue,AC
LJbMeCtS,NON_AC
LMAwDGah,AC
LUnkozoW,AC
LVSNjDTq,AC
LVygNXlY,AC
LWncvmFm,NON_AC
LevYVJsJ,AC
LfYzYXeR,NON_AC
LfwotFYw,NON_AC
LnNBKrYk,AC
LsncQaEy,AC
LtHFypfn,AC
MFkCwqAW,AC
MKIlLKQq,AC
MOgGAwQr,NON_AC
MQfXlgsc,NON_AC
MXfOXsAT,NON_AC
MbJtZVYz,NON_AC
MpaExiDB,NON_AC
NHRWsjfH,AC
NHfYGOPX,NON_AC
NIYMccGp,NON_AC
NMsPqsDw,AC
NNzJNVIC,NON_AC
NQlZKYMj,NON_AC
NSgubIIB,NON_AC
NWiBpQlQ,NON_AC
NYmnahHN,NON_AC
NaEmecLf,AC
NbBbplPW,NON_AC
NhEUQPmP,AC
NkHJqPij,NON_AC
NnkcDoAe,NON_AC
NupDtJeS,AC
NwomDdee,NON_AC
NxZuvbgJ,NON_AC
NyiaedlE,AC
ODUFiWAk,NON_AC
ObIyrBoR,AC
OgPdUzsG,NON_AC
Oghhrjgo,AC
OudgkXyZ,NON_AC
PFcZVKCO,NON_AC
PIssHwof,NON_AC
PLAkGvZW,AC
PPuVRndl,NON_AC
PSDWbrgW,NON_AC
PVNGBQhk,AC
PYngghwg,AC
PlbYEvyo,NON_AC
PtZgSGMp,AC
PycNjXna,NON_AC
QAcFoMvR,AC
QKEndjhQ,NON_AC
QNHCshNm,AC
QOjQlPRS,AC
QZdkORLf,NON_AC
QdYtcmmi,AC
QgUQTKds,NON_AC
QgxRyevf,NON_AC
QoTXCydq,AC
QvZmoSYc,NON_AC
QxuvPvio,AC
RAdSnUIP,AC
RJfFfCtp,AC
RKapBdAU,AC
RXZKkZwb,NON_AC
RcDeIibE,NON_AC
RiWymWnq,AC
RjDxZbVl,NON_AC
RupYBZpD,NON_AC
RzxGdMES,AC
SIOZVUtr,AC
SKAVTRZl,AC
SQqQWfCa,NON_AC
SgIEBtWK,AC
SgYhhFMH,AC
SjWltvND,AC
SkEturNA,AC
SmSCSLpo,AC
SrGGHsGb,AC
SrofgQxU,NON_AC
TQHtBQwb,AC
TWXDakXN,AC
TYQeBhat,AC
TZFeHLYC,NON_AC
TaZzFBHT,AC
TbjiTbFp,NON_AC
TjIAdsyM,NON_AC
UBRfVDba,AC
UHAAyaSL,NON_AC
UICJUvHV,NON_AC
UPLQdhPv,NON_AC
URLaOGgi,AC
UVnrNpuO,AC
UWWQbzul,NON_AC
UZSUdcWy,AC
UgxpdVUw,AC
UiAvFTBJ,NON_AC
UlFdfFMh,AC
UqgpdgYw,AC
UvlkdgjC,AC
UvzMVrBR,AC
VMhfiUtF,NON_AC
VOZvJNEo,NON_AC
VPHLnaKW,AC
VZPNYEqL,AC
VgEJSZwy,AC
VmkzuCsz,AC
VpYYTiaM,AC
VpgNrzAP,AC
VtCMUPpd,NON_AC
VuDXmqpE,AC
WFljYlFO,AC
WHCFvvBg,NON_AC
WJRqFIgT,NON_AC
WKuZRSNl,AC
WNcilvEb,NON_AC
WSGoymRl,NON_AC
WeTLRvmJ,AC
WoRLLDhw,NON_AC
WpUyDoRS,NON_AC
WwjMGeFe,NON_AC
WxUOXvNT,AC
XAzkYxwV,AC
XDSbLhUK,NON_AC
XFiwFjLd,NON_AC
XPRbYzmE,AC
XaWHFvMH,NON_AC
XeigrPCZ,NON_AC
XfXWTzzs,NON_AC
XpzGxxXx,NON_AC
XrffyXHs,AC
YAViFCJV,NON_AC
YKJPTRVI,AC
YQEiTBOW,AC
YXnskGhZ,AC
YZDLtKFJ,NON_AC
YaKRHNYY,NON_AC
YdOFdgUI,AC
YirTLQAV,AC
YkFylrGx,NON_AC
YsRCzaJi,AC
YsbQMPNi,AC
YxgxHwRG,AC
ZAAndLZP,AC
ZCbVGUOm,AC
ZCuQxiGK,AC
ZFtAdBIl,NON_AC
ZGKvUhie,AC
ZNbJERnu,NON_AC
ZPKxMEon,AC
ZPXEWMHz,AC
ZQUFcONc,AC
ZWsDqERY,AC
ZYjkLnlp,AC
ZiKpzSJq,NON_AC
ZmjAzWIq,NON_AC
ZntBgNBM,NON_AC
ZuzLPmVh,AC
ZzhZBrHk,NON_AC
aFMGkhVt,AC
aOIIEdAo,AC
aTAwKSAs,AC
aWXhevKM,AC
aakrxNkK,AC
amKXLqwt,AC
arbwZagR,AC
atRlKiSR,NON_AC
avSNLZgA,AC
axIRCYIH,NON_AC
bDMxmWyS,AC
bHMQYNga,NON_AC
bJCcPzPa,AC
bLWHJZvi,AC
bUlKRKQW,AC
bYkNIpSQ,NON_AC
biAPThKo,AC
biQmVeBD,AC
brQsliiU,NON_AC
buGafPsT,AC
cBUBXvEc,NON_AC
cJbMyuBb,AC
cJxBFVtR,AC
cMYAXyGI,NON_AC
cMyfCPEw,NON_AC
cNRJCoHA,AC
cSbOgVEy,NON_AC
cSnRXEby,NON_AC
cWCndkCA,NON_AC
cYQhIWmL,NON_AC
ceSVTwaH,AC
chuDZsgC,AC
cmgkIgrU,AC
csGnqUMu,NON_AC
csNYWoKw,NON_AC
dDRYbBCp,NON_AC
dDoMTOSd,NON_AC
dJzznPZf,NON_AC
dNjGNElb,AC
dQVQYfoB,NON_AC
dSktUrTO,AC
dUUozOck,AC
daJBZlXX,NON_AC
daVncELG,AC
dakwRRpk,AC
dbIQFCCB,NON_AC
dnjBujzt,AC
eBbBTsvm,NON_AC
eFgKEdIW,AC
eLxRQXdQ,AC
ePGrImKo,NON_AC
eRwDBqZY,AC
eSgLmtZA,AC
ecGgUkjr,AC
eeoKogAM,AC
efXBQKOW,NON_AC
efgZMHBi,AC
efxHduaj,AC
epoEAZpf,NON_AC
ewkyEZZO,NON_AC
fFjHayUq,AC
fHploBqH,NON_AC
fOMAghPY,NON_AC
fPLgfoJH,NON_AC
fSmhjvrz,AC
fcqVHOWl,NON_AC
ftxLFakz,NON_AC
fyPOPMKk,AC
gAQqGuVV,NON_AC
gINfKoKl,AC
gKjkRBrF,NON_AC
gViNZUUm,AC
gXImwnTE,NON_AC
gYMTLINb,NON_AC
gdDriVhJ,NON_AC
gghrxlaU,AC
ghWeVesS,AC
gliYTJND,AC
gnmzHKge,NON_AC
gtMuoCtN,AC
gvieSRHO,AC
gxEivoFQ,NON_AC
gybSvmbi,NON_AC
hAixQMrS,AC
hGFKPkSn,AC
hHaoQpFr,NON_AC
hOgEShjl,AC
hZqApvpc,AC
hZrQSTnm,AC
hagfXSzQ,AC
hguzXcHm,AC
hhPtGoVd,NON_AC
hxEEGXmc,NON_AC
hzxIdoNj,AC
iDetBFWi,AC
iNvoiZPk,AC
iRZOnHFm,NON_AC
iSYEdQpp,NON_AC
iiIWkqJU,NON_AC
iixPbzpd,NON_AC
imxANjKx,NON_AC
irgOQEEf,AC
iuSwxsZR,AC
jFvWIttp,AC
jLIiSJZZ,AC
jOWTcCXy,NON_AC
jVFbjnIm,AC
jaAbWkcS,NON_AC
jdGSETWh,AC
jdVjBOJI,NON_AC
jqTdEfdd,AC
jzVSODWW,AC
kDmVjFUh,AC
kGRbNPjI,NON_AC
kNsyWXRL,AC
kancVQuW,AC
kekhnReN,AC
kmHtAsmn,NON_AC
lANTMzLf,AC
lWrREuKn,NON_AC
laOorDCN,NON_AC
lcjYnFGO,AC
lhlQbcgF,AC
liVjtukl,NON_AC
ljMrqAtH,NON_AC
lmavoFgl,AC
mCFJNMmf,NON_AC
mVluJVDl,AC
mXMXHEEo,NON_AC
mXpZlQRR,NON_AC
mZNKvDuv,NON_AC
meIBCybq,NON_AC
mhTYoWMP,NON_AC
mhhrXjQW,AC
mwVsYVOq,NON_AC
mxDfalUt,NON_AC
myKqzQLp,NON_AC
nMwcLRVr,AC
nUIXplzX,AC
ncJNhdXc,AC
neZWxZIn,AC
nftbaYPP,AC
nhDBOMSz,AC
nkDTWwZx,AC
nuYAZPYD,NON_AC
oDWdPCpr,AC
oECRGoHI,AC
oFffcfnS,AC
oHdyTTPq,NON_AC
oIJfuXIQ,AC
oKUTUxlD,AC
oQxKErGi,NON_AC
oUiUvjQz,NON_AC
oaUhtYKl,AC
ofjPavdz,AC
ohoHZwYl,NON_AC
ojuZNypT,NON_AC
onuKXlwm,AC
oourLMnw,AC
ovtdZmhL,AC
owMFGOwM,AC
owodhIig,AC
oxTmIYQZ,AC
pAdBPCnc,AC
pDvGNQDe,AC
pHGxcCdQ,AC
pJIdBLTs,NON_AC
pKPlHFnA,NON_AC
pMisswmq,AC
pQZFaoBG,AC
pZcMEBJi,NON_AC
peHDfDxw,NON_AC
poggejKS,AC
pomVQHHc,AC
pqhwUNRJ,AC
pqjXWuGm,AC
qBTAonSi,AC
qEVqoQFN,NON_AC
qGBigXqj,AC
qJOwgYHg,NON_AC
qLqJUhdi,AC
qNoFSJTn,AC
qNsycYKX,AC
qOjbVBCg,AC
qUJWijYR,NON_AC
qdNyIjuR,AC
qfgSFXFd,NON_AC
qjBmnufQ,NON_AC
qmnfZcXC,AC
qnAmvUaC,NON_AC
rKEMNZzf,NON_AC
rRXztqzS,NON_AC
rgQLIpoP,AC
rgTVzqSw,NON_AC
rgiAwBzq,NON_AC
rmHLvlZk,AC
sBdrDYZr,AC
sDrpfpPk,NON_AC
sIxetIhx,AC
sKeehXiW,NON_AC
sOCxHiQl,AC
sUZowcax,AC
sXBnyUDK,AC
seBKFTHn,AC
skiWXOzT,AC
snfuhrYT,AC
sntJESsT,AC
srPHwIZL,AC
stfrSoYM,NON_AC
suVTRahe,AC
swEArknr,NON_AC
szwoJveo,AC
tBZmezHa,NON_AC
tDplPkqn,AC
tEeneYIS,AC
tFYjJhww,NON_AC
tIbEDEMy,NON_AC
tOTDxPTV,AC
tRcriVGM,AC
tToEfQnq,AC
tUUWFPCQ,AC
tpYHnEyI,AC
tphwtBjr,NON_AC
tsKDyNuY,AC
uOoGKrve,NON_AC
uZWZrMNM,AC
ucTrtHFR,AC
uceALhlm,NON_AC
ucxgcbtt,NON_AC
ugDQfauv,NON_AC
ujwVSyLZ,AC
uoLSGmpq,AC
uywaoErS,AC
vAtFkcEK,AC
vCvENyJf,NON_AC
vHcMlJYV,NON_AC
vOvpKbEc,AC
vRNawAwj,AC
vUhbfmoP,NON_AC
vWvwnkEt,AC
vgqDmlqE,NON_AC
vjXDcOiD,AC
vkHHApFu,NON_AC
vwETBfWl,AC
vxBQmNtt,NON_AC
wBDNsKAm,AC
wDWJHMPG,AC
wFxeOIaf,NON_AC
wIUbijmB,AC
wMXbrjpB,NON_AC
wNwCKqVG,AC
wReCNggj,AC
wRhKcEWC,NON_AC
wZtMSQEj,AC
wsYAIFMf,NON_AC
wxqCSLGk,NON_AC
wyEDVSiV,NON_AC
xCPpIGZp,AC
xDkLApmr,NON_AC
xIlEDOsl,AC
xKHIiiub,AC
xKeXqTCd,NON_AC
xKpHAnel,NON_AC
xSgeuxxC,NON_AC
xVIvAmma,NON_AC
xkexPZhk,AC
xptiroHh,NON_AC
yQRqXKFI,AC
yRUcSccd,NON_AC
yWJRuUOg,AC
yWxunjeg,NON_AC
yeoZFtjh,NON_AC
yiJrAKCQ,AC
ynqcXLsV,NON_AC
ypqYzjWk,AC
yxhbXdnH,AC
zAcLuRkD,AC
zFcSQXHH,NON_AC
zHrwBtLf,NON_AC
zMktxkzM,NON_AC
zMqVccOA,NON_AC
zPIsPfJc,NON_AC
zRHIYZwE,AC
zUfGqgBD,AC
zaBGPvGa,AC
zafgEVtu,AC
zdPNuqgA,AC
zpNWXfPS,NON_AC
zroVWuHs,AC
zubAQaMn,AC
zwgFBZLn,NON_AC
zxdyEtKp,AC
